{
  "source": "/Users/fukasedaichi/.codex/generated_images/019d9e0b-690d-7b40-ad86-562613ff397a/ig_0a0bdaf70ce72cfb0169e2de5b58c081919cc0637c4daee12b.png",
  "output": "/Users/fukasedaichi/git/nazotype/public/types/DBTC_chibi.png",
  "size": [
    1024,
    1024
  ],
  "background_pixels_removed": 684621,
  "transparent_ratio": 0.6529054641723633,
  "opaque_ratio": 0.3470945358276367,
  "partial_ratio": 0.0,
  "corner_alpha": [
    0,
    0,
    0,
    0
  ]
}